<?xml version="1.0" encoding="UTF-8"?>
<!-- IMPORTANT: This is an internal file that has been generated
     by the Xilinx ISE software.  Any direct editing or
     changes made to this file may result in unpredictable
     behavior or data corruption.  It is strongly advised that
     users do not edit the contents of this file. -->
<DeviceUsageSummary rev="615">
<DesignStatistics TimeStamp="Tue Dec 13 17:01:55 2016"><group name="NetStatistics">
<item name="NumNets_Active" rev="615">
<attrib name="value" value="19733"/></item>
<item name="NumNets_Gnd" rev="615">
<attrib name="value" value="1"/></item>
<item name="NumNets_Vcc" rev="615">
<attrib name="value" value="1"/></item>
<item name="NumNodesOfType_Active_BRAMADDR" rev="615">
<attrib name="value" value="918"/></item>
<item name="NumNodesOfType_Active_BRAMDUMMY" rev="615">
<attrib name="value" value="90"/></item>
<item name="NumNodesOfType_Active_CLKPIN" rev="615">
<attrib name="value" value="3429"/></item>
<item name="NumNodesOfType_Active_CNTRLPIN" rev="615">
<attrib name="value" value="2732"/></item>
<item name="NumNodesOfType_Active_DOUBLE" rev="615">
<attrib name="value" value="37933"/></item>
<item name="NumNodesOfType_Active_DUMMY" rev="615">
<attrib name="value" value="41695"/></item>
<item name="NumNodesOfType_Active_DUMMYBANK" rev="615">
<attrib name="value" value="509"/></item>
<item name="NumNodesOfType_Active_DUMMYESC" rev="615">
<attrib name="value" value="63"/></item>
<item name="NumNodesOfType_Active_GLOBAL" rev="615">
<attrib name="value" value="737"/></item>
<item name="NumNodesOfType_Active_HFULLHEX" rev="615">
<attrib name="value" value="429"/></item>
<item name="NumNodesOfType_Active_HLONG" rev="615">
<attrib name="value" value="153"/></item>
<item name="NumNodesOfType_Active_HUNIHEX" rev="615">
<attrib name="value" value="3982"/></item>
<item name="NumNodesOfType_Active_INPUT" rev="615">
<attrib name="value" value="52291"/></item>
<item name="NumNodesOfType_Active_IOBOUTPUT" rev="615">
<attrib name="value" value="62"/></item>
<item name="NumNodesOfType_Active_OMUX" rev="615">
<attrib name="value" value="13260"/></item>
<item name="NumNodesOfType_Active_OUTPUT" rev="615">
<attrib name="value" value="18827"/></item>
<item name="NumNodesOfType_Active_PREBXBY" rev="615">
<attrib name="value" value="13300"/></item>
<item name="NumNodesOfType_Active_VFULLHEX" rev="615">
<attrib name="value" value="1993"/></item>
<item name="NumNodesOfType_Active_VLONG" rev="615">
<attrib name="value" value="545"/></item>
<item name="NumNodesOfType_Active_VUNIHEX" rev="615">
<attrib name="value" value="2404"/></item>
<item name="NumNodesOfType_Vcc_BRAMDUMMY" rev="615">
<attrib name="value" value="16"/></item>
<item name="NumNodesOfType_Vcc_CLKPIN" rev="615">
<attrib name="value" value="3"/></item>
<item name="NumNodesOfType_Vcc_CNTRLPIN" rev="615">
<attrib name="value" value="50"/></item>
<item name="NumNodesOfType_Vcc_DUMMY" rev="615">
<attrib name="value" value="28"/></item>
<item name="NumNodesOfType_Vcc_DUMMYBANK" rev="615">
<attrib name="value" value="13"/></item>
<item name="NumNodesOfType_Vcc_INPUT" rev="615">
<attrib name="value" value="514"/></item>
<item name="NumNodesOfType_Vcc_PREBXBY" rev="615">
<attrib name="value" value="438"/></item>
<item name="NumNodesOfType_Vcc_VCCOUT" rev="615">
<attrib name="value" value="467"/></item>
</group>
<group name="MiscellaneousStatistics">
<item name="AGG_BONDED_IO" rev="614">
<attrib name="value" value="577"/></item>
<item name="AGG_IO" rev="614">
<attrib name="value" value="577"/></item>
<item name="NUM_4_INPUT_LUT" rev="614">
<attrib name="value" value="14357"/></item>
<item name="NUM_BONDED_IOB" rev="614">
<attrib name="value" value="577"/></item>
<item name="NUM_BUFGMUX" rev="614">
<attrib name="value" value="8"/></item>
<item name="NUM_DCM" rev="614">
<attrib name="value" value="3"/></item>
<item name="NUM_IOB_FF" rev="614">
<attrib name="value" value="6"/></item>
<item name="NUM_LUT_RT" rev="614">
<attrib name="value" value="920"/></item>
<item name="NUM_MULT18X18" rev="614">
<attrib name="value" value="5"/></item>
<item name="NUM_RAMB16" rev="614">
<attrib name="value" value="59"/></item>
<item name="NUM_SHIFT" rev="614">
<attrib name="value" value="100"/></item>
<item name="NUM_SLICE" rev="614">
<attrib name="value" value="8917"/></item>
<item name="NUM_SLICE_FF" rev="614">
<attrib name="value" value="5263"/></item>
<item name="NUM_SLICE_LATCH" rev="614">
<attrib name="value" value="161"/></item>
<item name="Xilinx Core blk_mem_gen_v2_8, Xilinx CORE Generator 10.1.03_ip3" rev="614">
<attrib name="value" value="1"/></item>
<item name="Xilinx Core div_gen_v2_0, Xilinx CORE Generator 10.1.03_ip3" rev="614">
<attrib name="value" value="4"/></item>
</group>
</DesignStatistics>
<DeviceUsage TimeStamp="Tue Dec 13 17:01:55 2016"><group name="SiteSummary">
<item name="BUFGMUX" rev="615">
<attrib name="total" value="1000000"/><attrib name="used" value="8"/></item>
<item name="BUFGMUX_GCLKMUX" rev="615">
<attrib name="total" value="1000000"/><attrib name="used" value="8"/></item>
<item name="BUFGMUX_GCLK_BUFFER" rev="615">
<attrib name="total" value="1000000"/><attrib name="used" value="8"/></item>
<item name="DCM" rev="615">
<attrib name="total" value="1000000"/><attrib name="used" value="3"/></item>
<item name="DCM_DCM" rev="615">
<attrib name="total" value="1000000"/><attrib name="used" value="3"/></item>
<item name="IOB" rev="615">
<attrib name="total" value="1000000"/><attrib name="used" value="577"/></item>
<item name="IOB_INBUF" rev="615">
<attrib name="total" value="1000000"/><attrib name="used" value="331"/></item>
<item name="IOB_OFF1" rev="615">
<attrib name="total" value="1000000"/><attrib name="used" value="3"/></item>
<item name="IOB_OFF2" rev="615">
<attrib name="total" value="1000000"/><attrib name="used" value="3"/></item>
<item name="IOB_OFFDDRBLACKBOX" rev="615">
<attrib name="total" value="1000000"/><attrib name="used" value="3"/></item>
<item name="IOB_OUTBUF" rev="615">
<attrib name="total" value="1000000"/><attrib name="used" value="282"/></item>
<item name="IOB_PAD" rev="615">
<attrib name="total" value="1000000"/><attrib name="used" value="577"/></item>
<item name="MULT18X18" rev="615">
<attrib name="total" value="1000000"/><attrib name="used" value="5"/></item>
<item name="MULT18X18_BLACKBOX" rev="615">
<attrib name="total" value="1000000"/><attrib name="used" value="5"/></item>
<item name="RAMB16" rev="615">
<attrib name="total" value="1000000"/><attrib name="used" value="59"/></item>
<item name="RAMB16_RAMB16" rev="615">
<attrib name="total" value="1000000"/><attrib name="used" value="59"/></item>
<item name="RAMB16_RAMB16A" rev="615">
<attrib name="total" value="1000000"/><attrib name="used" value="59"/></item>
<item name="RAMB16_RAMB16B" rev="615">
<attrib name="total" value="1000000"/><attrib name="used" value="59"/></item>
<item name="SLICE" rev="615">
<attrib name="total" value="1000000"/><attrib name="used" value="8917"/></item>
<item name="SLICE_C1VDD" rev="615">
<attrib name="total" value="1000000"/><attrib name="used" value="195"/></item>
<item name="SLICE_C2VDD" rev="615">
<attrib name="total" value="1000000"/><attrib name="used" value="191"/></item>
<item name="SLICE_CYMUXF" rev="615">
<attrib name="total" value="1000000"/><attrib name="used" value="2943"/></item>
<item name="SLICE_CYMUXG" rev="615">
<attrib name="total" value="1000000"/><attrib name="used" value="2604"/></item>
<item name="SLICE_F" rev="615">
<attrib name="total" value="1000000"/><attrib name="used" value="7321"/></item>
<item name="SLICE_F5MUX" rev="615">
<attrib name="total" value="1000000"/><attrib name="used" value="1270"/></item>
<item name="SLICE_F6MUX" rev="615">
<attrib name="total" value="1000000"/><attrib name="used" value="350"/></item>
<item name="SLICE_FFX" rev="615">
<attrib name="total" value="1000000"/><attrib name="used" value="2923"/></item>
<item name="SLICE_FFY" rev="615">
<attrib name="total" value="1000000"/><attrib name="used" value="2501"/></item>
<item name="SLICE_G" rev="615">
<attrib name="total" value="1000000"/><attrib name="used" value="7036"/></item>
<item name="SLICE_GNDF" rev="615">
<attrib name="total" value="1000000"/><attrib name="used" value="650"/></item>
<item name="SLICE_GNDG" rev="615">
<attrib name="total" value="1000000"/><attrib name="used" value="533"/></item>
<item name="SLICE_WSGEN" rev="615">
<attrib name="total" value="1000000"/><attrib name="used" value="54"/></item>
<item name="SLICE_XORF" rev="615">
<attrib name="total" value="1000000"/><attrib name="used" value="1418"/></item>
<item name="SLICE_XORG" rev="615">
<attrib name="total" value="1000000"/><attrib name="used" value="1330"/></item>
<item name="SLICE_YBUSED" rev="615">
<attrib name="total" value="1000000"/><attrib name="used" value="129"/></item>
</group>
</DeviceUsage>
<ReportConfigData TimeStamp="Tue Dec 13 17:01:55 2016"><group name="IOB_OFF1">
<item name="LATCH_OR_FF" rev="615">
<attrib name="FF" value="3"/></item>
<item name="OFF1_INIT_ATTR" rev="615">
<attrib name="INIT0" value="3"/></item>
</group>
<group name="IOB_OFF2">
<item name="LATCH_OR_FF" rev="615">
<attrib name="FF" value="3"/></item>
<item name="OFF2_INIT_ATTR" rev="615">
<attrib name="INIT0" value="3"/></item>
</group>
<group name="RAMB16_RAMB16A">
<item name="PORTA_ATTR" rev="615">
<attrib name="16384X1" value="56"/><attrib name="2048X9" value="1"/><attrib name="4096X4" value="2"/></item>
<item name="WRITEMODEA" rev="615">
<attrib name="WRITE_FIRST" value="59"/></item>
</group>
<group name="RAMB16_RAMB16B">
<item name="PORTB_ATTR" rev="615">
<attrib name="16384X1" value="56"/><attrib name="2048X9" value="1"/><attrib name="4096X4" value="2"/></item>
<item name="WRITEMODEB" rev="615">
<attrib name="WRITE_FIRST" value="59"/></item>
</group>
<group name="SLICE_FFX">
<item name="FFX_INIT_ATTR" rev="615">
<attrib name="INIT0" value="2281"/><attrib name="INIT1" value="642"/></item>
<item name="FFX_SR_ATTR" rev="615">
<attrib name="SRLOW" value="2873"/><attrib name="SRHIGH" value="50"/></item>
<item name="LATCH_OR_FF" rev="615">
<attrib name="FF" value="2814"/><attrib name="LATCH" value="109"/></item>
<item name="SYNC_ATTR" rev="615">
<attrib name="ASYNC" value="2514"/><attrib name="SYNC" value="409"/></item>
</group>
<group name="SLICE_FFY">
<item name="FFY_INIT_ATTR" rev="615">
<attrib name="INIT0" value="1799"/><attrib name="INIT1" value="702"/></item>
<item name="FFY_SR_ATTR" rev="615">
<attrib name="SRLOW" value="2465"/><attrib name="SRHIGH" value="36"/></item>
<item name="LATCH_OR_FF" rev="615">
<attrib name="FF" value="2449"/><attrib name="LATCH" value="52"/></item>
<item name="SYNC_ATTR" rev="615">
<attrib name="ASYNC" value="2094"/><attrib name="SYNC" value="407"/></item>
</group>
<group name="BUFGMUX_GCLKMUX">
<item name="DISABLE_ATTR" rev="615">
<attrib name="LOW" value="8"/></item>
</group>
<group name="SLICE_WSGEN">
<item name="SYNC_ATTR" rev="615">
<attrib name="ASYNC" value="52"/></item>
</group>
<group name="SLICE_F">
<item name="F_ATTR" rev="615">
<attrib name="SHIFT_REG" value="46"/></item>
<item name="LUT_OR_MEM" rev="615">
<attrib name="LUT" value="7275"/><attrib name="RAM" value="46"/></item>
</group>
<group name="SLICE_G">
<item name="G_ATTR" rev="615">
<attrib name="SHIFT_REG" value="54"/></item>
<item name="LUT_OR_MEM" rev="615">
<attrib name="LUT" value="6982"/><attrib name="RAM" value="54"/></item>
</group>
<group name="IOB_PAD">
<item name="DRIVEATTRBOX" rev="615">
<attrib name="12" value="145"/></item>
<item name="IOATTRBOX" rev="615">
<attrib name="LVTTL" value="402"/><attrib name="LVDCI_33" value="175"/></item>
<item name="PULL" rev="615">
<attrib name="PULLUP" value="1"/></item>
<item name="SLEW" rev="615">
<attrib name="SLOW" value="145"/></item>
</group>
<group name="DCM_DCM">
<item name="CLKDV_DIVIDE" rev="615">
<attrib name="2" value="3"/></item>
<item name="CLKOUT_PHASE_SHIFT" rev="615">
<attrib name="NONE" value="3"/></item>
<item name="CLK_FEEDBACK" rev="615">
<attrib name="1X" value="2"/></item>
<item name="DESKEW_ADJUST" rev="615">
<attrib name="11" value="3"/></item>
<item name="DFS_FREQUENCY_MODE" rev="615">
<attrib name="LOW" value="3"/></item>
<item name="DLL_FREQUENCY_MODE" rev="615">
<attrib name="LOW" value="3"/></item>
<item name="DSS_MODE" rev="615">
<attrib name="NONE" value="3"/></item>
<item name="DUTY_CYCLE_CORRECTION" rev="615">
<attrib name="TRUE" value="3"/></item>
<item name="FACTORY_JF1" rev="615">
<attrib name="0XC0" value="3"/></item>
<item name="FACTORY_JF2" rev="615">
<attrib name="0X80" value="3"/></item>
</group>
</ReportConfigData>
<ReportPinData TimeStamp="Tue Dec 13 17:01:55 2016"><group name="MULT18X18_BLACKBOX">
<item name="A0" rev="615">
<attrib name="value" value="5"/></item>
<item name="A1" rev="615">
<attrib name="value" value="5"/></item>
<item name="A10" rev="615">
<attrib name="value" value="5"/></item>
<item name="A11" rev="615">
<attrib name="value" value="5"/></item>
<item name="A12" rev="615">
<attrib name="value" value="5"/></item>
<item name="A13" rev="615">
<attrib name="value" value="5"/></item>
<item name="A14" rev="615">
<attrib name="value" value="5"/></item>
<item name="A15" rev="615">
<attrib name="value" value="5"/></item>
<item name="A16" rev="615">
<attrib name="value" value="5"/></item>
<item name="A17" rev="615">
<attrib name="value" value="5"/></item>
<item name="A2" rev="615">
<attrib name="value" value="5"/></item>
<item name="A3" rev="615">
<attrib name="value" value="5"/></item>
<item name="A4" rev="615">
<attrib name="value" value="5"/></item>
<item name="A5" rev="615">
<attrib name="value" value="5"/></item>
<item name="A6" rev="615">
<attrib name="value" value="5"/></item>
<item name="A7" rev="615">
<attrib name="value" value="5"/></item>
<item name="A8" rev="615">
<attrib name="value" value="5"/></item>
<item name="A9" rev="615">
<attrib name="value" value="5"/></item>
<item name="B0" rev="615">
<attrib name="value" value="5"/></item>
<item name="B1" rev="615">
<attrib name="value" value="5"/></item>
<item name="B10" rev="615">
<attrib name="value" value="5"/></item>
<item name="B11" rev="615">
<attrib name="value" value="5"/></item>
<item name="B12" rev="615">
<attrib name="value" value="5"/></item>
<item name="B13" rev="615">
<attrib name="value" value="5"/></item>
<item name="B14" rev="615">
<attrib name="value" value="5"/></item>
<item name="B15" rev="615">
<attrib name="value" value="5"/></item>
<item name="B16" rev="615">
<attrib name="value" value="5"/></item>
<item name="B17" rev="615">
<attrib name="value" value="5"/></item>
<item name="B2" rev="615">
<attrib name="value" value="5"/></item>
<item name="B3" rev="615">
<attrib name="value" value="5"/></item>
<item name="B4" rev="615">
<attrib name="value" value="5"/></item>
<item name="B5" rev="615">
<attrib name="value" value="5"/></item>
<item name="B6" rev="615">
<attrib name="value" value="5"/></item>
<item name="B7" rev="615">
<attrib name="value" value="5"/></item>
<item name="B8" rev="615">
<attrib name="value" value="5"/></item>
<item name="B9" rev="615">
<attrib name="value" value="5"/></item>
<item name="P0" rev="615">
<attrib name="value" value="5"/></item>
<item name="P1" rev="615">
<attrib name="value" value="5"/></item>
<item name="P10" rev="615">
<attrib name="value" value="5"/></item>
<item name="P11" rev="615">
<attrib name="value" value="5"/></item>
<item name="P12" rev="615">
<attrib name="value" value="5"/></item>
<item name="P13" rev="615">
<attrib name="value" value="5"/></item>
<item name="P14" rev="615">
<attrib name="value" value="5"/></item>
<item name="P15" rev="615">
<attrib name="value" value="5"/></item>
<item name="P16" rev="615">
<attrib name="value" value="5"/></item>
<item name="P17" rev="615">
<attrib name="value" value="5"/></item>
<item name="P18" rev="615">
<attrib name="value" value="5"/></item>
<item name="P19" rev="615">
<attrib name="value" value="4"/></item>
<item name="P2" rev="615">
<attrib name="value" value="5"/></item>
<item name="P20" rev="615">
<attrib name="value" value="3"/></item>
<item name="P3" rev="615">
<attrib name="value" value="5"/></item>
<item name="P4" rev="615">
<attrib name="value" value="5"/></item>
<item name="P5" rev="615">
<attrib name="value" value="5"/></item>
<item name="P6" rev="615">
<attrib name="value" value="5"/></item>
<item name="P7" rev="615">
<attrib name="value" value="5"/></item>
<item name="P8" rev="615">
<attrib name="value" value="5"/></item>
<item name="P9" rev="615">
<attrib name="value" value="5"/></item>
</group>
<group name="SLICE_GMC15_BLACKBOX">
<item name="MC15" rev="373">
<attrib name="value" value="11"/></item>
<item name="WS2" rev="373">
<attrib name="value" value="11"/></item>
</group>
<group name="SLICE_F6MUX">
<item name="0" rev="615">
<attrib name="value" value="350"/></item>
<item name="1" rev="615">
<attrib name="value" value="348"/></item>
<item name="OUT" rev="615">
<attrib name="value" value="350"/></item>
<item name="S0" rev="615">
<attrib name="value" value="350"/></item>
</group>
<group name="BUFGMUX_GCLK_BUFFER">
<item name="IN" rev="615">
<attrib name="value" value="8"/></item>
<item name="OUT" rev="615">
<attrib name="value" value="8"/></item>
</group>
<group name="IOB_OFFDDRBLACKBOX">
<item name="OFF1" rev="615">
<attrib name="value" value="3"/></item>
<item name="OFF2" rev="615">
<attrib name="value" value="3"/></item>
<item name="OFFDDR" rev="615">
<attrib name="value" value="3"/></item>
</group>
<group name="RAMB16">
<item name="ADDRA0" rev="615">
<attrib name="value" value="56"/></item>
<item name="ADDRA1" rev="615">
<attrib name="value" value="56"/></item>
<item name="ADDRA10" rev="615">
<attrib name="value" value="59"/></item>
<item name="ADDRA11" rev="615">
<attrib name="value" value="59"/></item>
<item name="ADDRA12" rev="615">
<attrib name="value" value="59"/></item>
<item name="ADDRA13" rev="615">
<attrib name="value" value="59"/></item>
<item name="ADDRA2" rev="615">
<attrib name="value" value="58"/></item>
<item name="ADDRA3" rev="615">
<attrib name="value" value="59"/></item>
<item name="ADDRA4" rev="615">
<attrib name="value" value="59"/></item>
<item name="ADDRA5" rev="615">
<attrib name="value" value="59"/></item>
<item name="ADDRA6" rev="615">
<attrib name="value" value="59"/></item>
<item name="ADDRA7" rev="615">
<attrib name="value" value="59"/></item>
<item name="ADDRA8" rev="615">
<attrib name="value" value="59"/></item>
<item name="ADDRA9" rev="615">
<attrib name="value" value="59"/></item>
<item name="ADDRB0" rev="615">
<attrib name="value" value="56"/></item>
<item name="ADDRB1" rev="615">
<attrib name="value" value="56"/></item>
<item name="ADDRB10" rev="615">
<attrib name="value" value="59"/></item>
<item name="ADDRB11" rev="615">
<attrib name="value" value="59"/></item>
<item name="ADDRB12" rev="615">
<attrib name="value" value="59"/></item>
<item name="ADDRB13" rev="615">
<attrib name="value" value="59"/></item>
<item name="ADDRB2" rev="615">
<attrib name="value" value="58"/></item>
<item name="ADDRB3" rev="615">
<attrib name="value" value="59"/></item>
<item name="ADDRB4" rev="615">
<attrib name="value" value="59"/></item>
<item name="ADDRB5" rev="615">
<attrib name="value" value="59"/></item>
<item name="ADDRB6" rev="615">
<attrib name="value" value="59"/></item>
<item name="ADDRB7" rev="615">
<attrib name="value" value="59"/></item>
<item name="ADDRB8" rev="615">
<attrib name="value" value="59"/></item>
<item name="ADDRB9" rev="615">
<attrib name="value" value="59"/></item>
<item name="CLKA" rev="615">
<attrib name="value" value="59"/></item>
<item name="CLKB" rev="615">
<attrib name="value" value="59"/></item>
<item name="DIB0" rev="615">
<attrib name="value" value="59"/></item>
<item name="DIB1" rev="615">
<attrib name="value" value="3"/></item>
<item name="DIB2" rev="615">
<attrib name="value" value="3"/></item>
<item name="DIB3" rev="615">
<attrib name="value" value="3"/></item>
<item name="DIB4" rev="615">
<attrib name="value" value="1"/></item>
<item name="DIB5" rev="615">
<attrib name="value" value="1"/></item>
<item name="DIB6" rev="615">
<attrib name="value" value="1"/></item>
<item name="DIB7" rev="615">
<attrib name="value" value="1"/></item>
<item name="DIPB0" rev="615">
<attrib name="value" value="1"/></item>
<item name="DOA0" rev="615">
<attrib name="value" value="59"/></item>
<item name="DOA1" rev="615">
<attrib name="value" value="3"/></item>
<item name="DOA2" rev="615">
<attrib name="value" value="3"/></item>
<item name="DOA3" rev="615">
<attrib name="value" value="3"/></item>
<item name="DOA4" rev="615">
<attrib name="value" value="1"/></item>
<item name="DOA5" rev="615">
<attrib name="value" value="1"/></item>
<item name="DOA6" rev="615">
<attrib name="value" value="1"/></item>
<item name="DOA7" rev="615">
<attrib name="value" value="1"/></item>
<item name="ENA" rev="615">
<attrib name="value" value="59"/></item>
<item name="ENB" rev="615">
<attrib name="value" value="59"/></item>
<item name="SSRA" rev="615">
<attrib name="value" value="59"/></item>
<item name="SSRB" rev="615">
<attrib name="value" value="59"/></item>
<item name="WEA" rev="615">
<attrib name="value" value="59"/></item>
<item name="WEB" rev="615">
<attrib name="value" value="59"/></item>
</group>
<group name="IOB_OFF1">
<item name="CK" rev="615">
<attrib name="value" value="3"/></item>
<item name="D" rev="615">
<attrib name="value" value="3"/></item>
<item name="Q" rev="615">
<attrib name="value" value="3"/></item>
</group>
<group name="IOB_OFF2">
<item name="CK" rev="615">
<attrib name="value" value="3"/></item>
<item name="D" rev="615">
<attrib name="value" value="3"/></item>
<item name="Q" rev="615">
<attrib name="value" value="3"/></item>
</group>
<group name="IOB_OUTBUF">
<item name="IN" rev="615">
<attrib name="value" value="282"/></item>
<item name="OUT" rev="615">
<attrib name="value" value="282"/></item>
<item name="TRI" rev="615">
<attrib name="value" value="37"/></item>
</group>
<group name="RAMB16_RAMB16A">
<item name="ADDRA" rev="615">
<attrib name="value" value="59"/></item>
<item name="ADDRA0" rev="615">
<attrib name="value" value="56"/></item>
<item name="ADDRA1" rev="615">
<attrib name="value" value="56"/></item>
<item name="ADDRA10" rev="615">
<attrib name="value" value="59"/></item>
<item name="ADDRA11" rev="615">
<attrib name="value" value="59"/></item>
<item name="ADDRA12" rev="615">
<attrib name="value" value="59"/></item>
<item name="ADDRA13" rev="615">
<attrib name="value" value="59"/></item>
<item name="ADDRA2" rev="615">
<attrib name="value" value="58"/></item>
<item name="ADDRA3" rev="615">
<attrib name="value" value="59"/></item>
<item name="ADDRA4" rev="615">
<attrib name="value" value="59"/></item>
<item name="ADDRA5" rev="615">
<attrib name="value" value="59"/></item>
<item name="ADDRA6" rev="615">
<attrib name="value" value="59"/></item>
<item name="ADDRA7" rev="615">
<attrib name="value" value="59"/></item>
<item name="ADDRA8" rev="615">
<attrib name="value" value="59"/></item>
<item name="ADDRA9" rev="615">
<attrib name="value" value="59"/></item>
<item name="CLKA" rev="615">
<attrib name="value" value="59"/></item>
<item name="DIA" rev="615">
<attrib name="value" value="59"/></item>
<item name="DOA" rev="615">
<attrib name="value" value="59"/></item>
<item name="DOA0" rev="615">
<attrib name="value" value="59"/></item>
<item name="DOA1" rev="615">
<attrib name="value" value="3"/></item>
<item name="DOA2" rev="615">
<attrib name="value" value="3"/></item>
<item name="DOA3" rev="615">
<attrib name="value" value="3"/></item>
<item name="DOA4" rev="615">
<attrib name="value" value="1"/></item>
<item name="DOA5" rev="615">
<attrib name="value" value="1"/></item>
<item name="DOA6" rev="615">
<attrib name="value" value="1"/></item>
<item name="DOA7" rev="615">
<attrib name="value" value="1"/></item>
<item name="ENA" rev="615">
<attrib name="value" value="59"/></item>
<item name="SSRA" rev="615">
<attrib name="value" value="59"/></item>
<item name="WEA" rev="615">
<attrib name="value" value="59"/></item>
</group>
<group name="SLICE_FAND">
<item name="0" rev="172">
<attrib name="value" value="10"/></item>
<item name="1" rev="172">
<attrib name="value" value="10"/></item>
<item name="O" rev="172">
<attrib name="value" value="10"/></item>
</group>
<group name="RAMB16_RAMB16B">
<item name="ADDRB" rev="615">
<attrib name="value" value="59"/></item>
<item name="ADDRB0" rev="615">
<attrib name="value" value="56"/></item>
<item name="ADDRB1" rev="615">
<attrib name="value" value="56"/></item>
<item name="ADDRB10" rev="615">
<attrib name="value" value="59"/></item>
<item name="ADDRB11" rev="615">
<attrib name="value" value="59"/></item>
<item name="ADDRB12" rev="615">
<attrib name="value" value="59"/></item>
<item name="ADDRB13" rev="615">
<attrib name="value" value="59"/></item>
<item name="ADDRB2" rev="615">
<attrib name="value" value="58"/></item>
<item name="ADDRB3" rev="615">
<attrib name="value" value="59"/></item>
<item name="ADDRB4" rev="615">
<attrib name="value" value="59"/></item>
<item name="ADDRB5" rev="615">
<attrib name="value" value="59"/></item>
<item name="ADDRB6" rev="615">
<attrib name="value" value="59"/></item>
<item name="ADDRB7" rev="615">
<attrib name="value" value="59"/></item>
<item name="ADDRB8" rev="615">
<attrib name="value" value="59"/></item>
<item name="ADDRB9" rev="615">
<attrib name="value" value="59"/></item>
<item name="CLKB" rev="615">
<attrib name="value" value="59"/></item>
<item name="DIB" rev="615">
<attrib name="value" value="59"/></item>
<item name="DIB0" rev="615">
<attrib name="value" value="59"/></item>
<item name="DIB1" rev="615">
<attrib name="value" value="3"/></item>
<item name="DIB2" rev="615">
<attrib name="value" value="3"/></item>
<item name="DIB3" rev="615">
<attrib name="value" value="3"/></item>
<item name="DIB4" rev="615">
<attrib name="value" value="1"/></item>
<item name="DIB5" rev="615">
<attrib name="value" value="1"/></item>
<item name="DIB6" rev="615">
<attrib name="value" value="1"/></item>
<item name="DIB7" rev="615">
<attrib name="value" value="1"/></item>
<item name="DIPB0" rev="615">
<attrib name="value" value="1"/></item>
<item name="DOB" rev="615">
<attrib name="value" value="59"/></item>
<item name="ENB" rev="615">
<attrib name="value" value="59"/></item>
<item name="SSRB" rev="615">
<attrib name="value" value="59"/></item>
<item name="WEB" rev="615">
<attrib name="value" value="59"/></item>
</group>
<group name="SLICE_FFX">
<item name="CE" rev="615">
<attrib name="value" value="1090"/></item>
<item name="CK" rev="615">
<attrib name="value" value="2923"/></item>
<item name="D" rev="615">
<attrib name="value" value="2923"/></item>
<item name="Q" rev="615">
<attrib name="value" value="2923"/></item>
<item name="REV" rev="615">
<attrib name="value" value="8"/></item>
<item name="SR" rev="615">
<attrib name="value" value="492"/></item>
</group>
<group name="SLICE_GNDF">
<item name="0" rev="615">
<attrib name="value" value="650"/></item>
</group>
<group name="SLICE_FFY">
<item name="CE" rev="615">
<attrib name="value" value="585"/></item>
<item name="CK" rev="615">
<attrib name="value" value="2501"/></item>
<item name="D" rev="615">
<attrib name="value" value="2501"/></item>
<item name="Q" rev="615">
<attrib name="value" value="2501"/></item>
<item name="REV" rev="615">
<attrib name="value" value="17"/></item>
<item name="SR" rev="615">
<attrib name="value" value="505"/></item>
</group>
<group name="SLICE_GNDG">
<item name="0" rev="615">
<attrib name="value" value="533"/></item>
</group>
<group name="SLICE_C2VDD">
<item name="1" rev="615">
<attrib name="value" value="191"/></item>
</group>
<group name="SLICE_F5MUX">
<item name="F" rev="615">
<attrib name="value" value="1218"/></item>
<item name="G" rev="615">
<attrib name="value" value="1270"/></item>
<item name="OUT" rev="615">
<attrib name="value" value="1270"/></item>
<item name="S0" rev="615">
<attrib name="value" value="1270"/></item>
</group>
<group name="MULT18X18">
<item name="A0" rev="615">
<attrib name="value" value="5"/></item>
<item name="A1" rev="615">
<attrib name="value" value="5"/></item>
<item name="A10" rev="615">
<attrib name="value" value="5"/></item>
<item name="A11" rev="615">
<attrib name="value" value="5"/></item>
<item name="A12" rev="615">
<attrib name="value" value="5"/></item>
<item name="A13" rev="615">
<attrib name="value" value="5"/></item>
<item name="A14" rev="615">
<attrib name="value" value="5"/></item>
<item name="A15" rev="615">
<attrib name="value" value="5"/></item>
<item name="A16" rev="615">
<attrib name="value" value="5"/></item>
<item name="A17" rev="615">
<attrib name="value" value="5"/></item>
<item name="A2" rev="615">
<attrib name="value" value="5"/></item>
<item name="A3" rev="615">
<attrib name="value" value="5"/></item>
<item name="A4" rev="615">
<attrib name="value" value="5"/></item>
<item name="A5" rev="615">
<attrib name="value" value="5"/></item>
<item name="A6" rev="615">
<attrib name="value" value="5"/></item>
<item name="A7" rev="615">
<attrib name="value" value="5"/></item>
<item name="A8" rev="615">
<attrib name="value" value="5"/></item>
<item name="A9" rev="615">
<attrib name="value" value="5"/></item>
<item name="B0" rev="615">
<attrib name="value" value="5"/></item>
<item name="B1" rev="615">
<attrib name="value" value="5"/></item>
<item name="B10" rev="615">
<attrib name="value" value="5"/></item>
<item name="B11" rev="615">
<attrib name="value" value="5"/></item>
<item name="B12" rev="615">
<attrib name="value" value="5"/></item>
<item name="B13" rev="615">
<attrib name="value" value="5"/></item>
<item name="B14" rev="615">
<attrib name="value" value="5"/></item>
<item name="B15" rev="615">
<attrib name="value" value="5"/></item>
<item name="B16" rev="615">
<attrib name="value" value="5"/></item>
<item name="B17" rev="615">
<attrib name="value" value="5"/></item>
<item name="B2" rev="615">
<attrib name="value" value="5"/></item>
<item name="B3" rev="615">
<attrib name="value" value="5"/></item>
<item name="B4" rev="615">
<attrib name="value" value="5"/></item>
<item name="B5" rev="615">
<attrib name="value" value="5"/></item>
<item name="B6" rev="615">
<attrib name="value" value="5"/></item>
<item name="B7" rev="615">
<attrib name="value" value="5"/></item>
<item name="B8" rev="615">
<attrib name="value" value="5"/></item>
<item name="B9" rev="615">
<attrib name="value" value="5"/></item>
<item name="P0" rev="615">
<attrib name="value" value="5"/></item>
<item name="P1" rev="615">
<attrib name="value" value="5"/></item>
<item name="P10" rev="615">
<attrib name="value" value="5"/></item>
<item name="P11" rev="615">
<attrib name="value" value="5"/></item>
<item name="P12" rev="615">
<attrib name="value" value="5"/></item>
<item name="P13" rev="615">
<attrib name="value" value="5"/></item>
<item name="P14" rev="615">
<attrib name="value" value="5"/></item>
<item name="P15" rev="615">
<attrib name="value" value="5"/></item>
<item name="P16" rev="615">
<attrib name="value" value="5"/></item>
<item name="P17" rev="615">
<attrib name="value" value="5"/></item>
<item name="P18" rev="615">
<attrib name="value" value="5"/></item>
<item name="P19" rev="615">
<attrib name="value" value="4"/></item>
<item name="P2" rev="615">
<attrib name="value" value="5"/></item>
<item name="P20" rev="615">
<attrib name="value" value="3"/></item>
<item name="P3" rev="615">
<attrib name="value" value="5"/></item>
<item name="P4" rev="615">
<attrib name="value" value="5"/></item>
<item name="P5" rev="615">
<attrib name="value" value="5"/></item>
<item name="P6" rev="615">
<attrib name="value" value="5"/></item>
<item name="P7" rev="615">
<attrib name="value" value="5"/></item>
<item name="P8" rev="615">
<attrib name="value" value="5"/></item>
<item name="P9" rev="615">
<attrib name="value" value="5"/></item>
</group>
<group name="SLICE_CYMUXF">
<item name="0" rev="615">
<attrib name="value" value="2943"/></item>
<item name="1" rev="615">
<attrib name="value" value="2943"/></item>
<item name="OUT" rev="615">
<attrib name="value" value="2943"/></item>
<item name="S0" rev="615">
<attrib name="value" value="2943"/></item>
</group>
<group name="SLICE_CYMUXG">
<item name="0" rev="615">
<attrib name="value" value="2604"/></item>
<item name="1" rev="615">
<attrib name="value" value="2604"/></item>
<item name="OUT" rev="615">
<attrib name="value" value="2604"/></item>
<item name="S0" rev="615">
<attrib name="value" value="2604"/></item>
</group>
<group name="IOB_INBUF">
<item name="IN" rev="615">
<attrib name="value" value="331"/></item>
<item name="OUT" rev="615">
<attrib name="value" value="331"/></item>
</group>
<group name="BUFGMUX_GCLKMUX">
<item name="I0" rev="615">
<attrib name="value" value="8"/></item>
<item name="OUT" rev="615">
<attrib name="value" value="8"/></item>
<item name="S" rev="615">
<attrib name="value" value="8"/></item>
</group>
<group name="SLICE">
<item name="BX" rev="615">
<attrib name="value" value="3093"/></item>
<item name="BY" rev="615">
<attrib name="value" value="1936"/></item>
<item name="CE" rev="615">
<attrib name="value" value="1199"/></item>
<item name="CIN" rev="615">
<attrib name="value" value="2473"/></item>
<item name="CLK" rev="615">
<attrib name="value" value="3359"/></item>
<item name="COUT" rev="615">
<attrib name="value" value="2475"/></item>
<item name="DX" rev="615">
<attrib name="value" value="1759"/></item>
<item name="DY" rev="615">
<attrib name="value" value="1083"/></item>
<item name="F1" rev="615">
<attrib name="value" value="7251"/></item>
<item name="F2" rev="615">
<attrib name="value" value="6337"/></item>
<item name="F3" rev="615">
<attrib name="value" value="4841"/></item>
<item name="F4" rev="615">
<attrib name="value" value="2983"/></item>
<item name="F5" rev="615">
<attrib name="value" value="566"/></item>
<item name="FX" rev="615">
<attrib name="value" value="132"/></item>
<item name="FXINA" rev="615">
<attrib name="value" value="348"/></item>
<item name="FXINB" rev="615">
<attrib name="value" value="350"/></item>
<item name="G1" rev="615">
<attrib name="value" value="6968"/></item>
<item name="G2" rev="615">
<attrib name="value" value="6074"/></item>
<item name="G3" rev="615">
<attrib name="value" value="4538"/></item>
<item name="G4" rev="615">
<attrib name="value" value="3115"/></item>
<item name="SR" rev="615">
<attrib name="value" value="648"/></item>
<item name="X" rev="615">
<attrib name="value" value="5160"/></item>
<item name="XB" rev="615">
<attrib name="value" value="183"/></item>
<item name="XQ" rev="615">
<attrib name="value" value="2923"/></item>
<item name="Y" rev="615">
<attrib name="value" value="4571"/></item>
<item name="YB" rev="615">
<attrib name="value" value="129"/></item>
<item name="YQ" rev="615">
<attrib name="value" value="2501"/></item>
</group>
<group name="SLICE_YBUSED">
<item name="0" rev="615">
<attrib name="value" value="129"/></item>
<item name="OUT" rev="615">
<attrib name="value" value="129"/></item>
</group>
<group name="SLICE_WSGEN">
<item name="CK" rev="615">
<attrib name="value" value="54"/></item>
<item name="WE" rev="615">
<attrib name="value" value="54"/></item>
<item name="WSF" rev="615">
<attrib name="value" value="46"/></item>
<item name="WSG" rev="615">
<attrib name="value" value="54"/></item>
</group>
<group name="SLICE_F">
<item name="A1" rev="615">
<attrib name="value" value="7198"/></item>
<item name="A2" rev="615">
<attrib name="value" value="6337"/></item>
<item name="A3" rev="615">
<attrib name="value" value="4841"/></item>
<item name="A4" rev="615">
<attrib name="value" value="2983"/></item>
<item name="D" rev="615">
<attrib name="value" value="7321"/></item>
<item name="DI" rev="615">
<attrib name="value" value="46"/></item>
<item name="WS" rev="615">
<attrib name="value" value="46"/></item>
</group>
<group name="SLICE_G">
<item name="A1" rev="615">
<attrib name="value" value="6929"/></item>
<item name="A2" rev="615">
<attrib name="value" value="6074"/></item>
<item name="A3" rev="615">
<attrib name="value" value="4538"/></item>
<item name="A4" rev="615">
<attrib name="value" value="3115"/></item>
<item name="D" rev="615">
<attrib name="value" value="7036"/></item>
<item name="DI" rev="615">
<attrib name="value" value="54"/></item>
<item name="WS" rev="615">
<attrib name="value" value="54"/></item>
</group>
<group name="SLICE_C1VDD">
<item name="1" rev="615">
<attrib name="value" value="195"/></item>
</group>
<group name="IOB_PAD">
<item name="PAD" rev="615">
<attrib name="value" value="577"/></item>
</group>
<group name="SLICE_VDDF">
<item name="1" rev="535">
<attrib name="value" value="1"/></item>
</group>
<group name="SLICE_VDDG">
<item name="1" rev="535">
<attrib name="value" value="2"/></item>
</group>
<group name="IOB">
<item name="I" rev="615">
<attrib name="value" value="331"/></item>
<item name="O1" rev="615">
<attrib name="value" value="282"/></item>
<item name="O2" rev="615">
<attrib name="value" value="3"/></item>
<item name="OTCLK1" rev="615">
<attrib name="value" value="3"/></item>
<item name="OTCLK2" rev="615">
<attrib name="value" value="3"/></item>
<item name="PAD" rev="615">
<attrib name="value" value="577"/></item>
<item name="T1" rev="615">
<attrib name="value" value="37"/></item>
</group>
<group name="DCM_DCM">
<item name="CLK0" rev="615">
<attrib name="value" value="2"/></item>
<item name="CLKFB" rev="615">
<attrib name="value" value="2"/></item>
<item name="CLKFX" rev="615">
<attrib name="value" value="1"/></item>
<item name="CLKIN" rev="615">
<attrib name="value" value="3"/></item>
<item name="DSSEN" rev="615">
<attrib name="value" value="3"/></item>
<item name="PSCLK" rev="615">
<attrib name="value" value="3"/></item>
<item name="PSEN" rev="615">
<attrib name="value" value="3"/></item>
<item name="PSINCDEC" rev="615">
<attrib name="value" value="3"/></item>
<item name="RST" rev="615">
<attrib name="value" value="3"/></item>
</group>
<group name="BUFGMUX">
<item name="I0" rev="615">
<attrib name="value" value="8"/></item>
<item name="O" rev="615">
<attrib name="value" value="8"/></item>
<item name="S" rev="615">
<attrib name="value" value="8"/></item>
</group>
<group name="SLICE_XORF">
<item name="0" rev="615">
<attrib name="value" value="1418"/></item>
<item name="1" rev="615">
<attrib name="value" value="1418"/></item>
<item name="O" rev="615">
<attrib name="value" value="1418"/></item>
</group>
<group name="SLICE_XORG">
<item name="0" rev="615">
<attrib name="value" value="1330"/></item>
<item name="1" rev="615">
<attrib name="value" value="1330"/></item>
<item name="O" rev="615">
<attrib name="value" value="1330"/></item>
</group>
<group name="SLICE_GAND">
<item name="0" rev="172">
<attrib name="value" value="9"/></item>
<item name="1" rev="172">
<attrib name="value" value="9"/></item>
<item name="O" rev="172">
<attrib name="value" value="9"/></item>
</group>
<group name="DCM">
<item name="CLK0" rev="615">
<attrib name="value" value="2"/></item>
<item name="CLKFB" rev="615">
<attrib name="value" value="2"/></item>
<item name="CLKFX" rev="615">
<attrib name="value" value="1"/></item>
<item name="CLKIN" rev="615">
<attrib name="value" value="3"/></item>
<item name="DSSEN" rev="615">
<attrib name="value" value="3"/></item>
<item name="PSCLK" rev="615">
<attrib name="value" value="3"/></item>
<item name="PSEN" rev="615">
<attrib name="value" value="3"/></item>
<item name="PSINCDEC" rev="615">
<attrib name="value" value="3"/></item>
<item name="RST" rev="615">
<attrib name="value" value="3"/></item>
</group>
<group name="RAMB16_RAMB16">
<item name="ADDRA" rev="615">
<attrib name="value" value="59"/></item>
<item name="ADDRB" rev="615">
<attrib name="value" value="59"/></item>
<item name="DIA" rev="615">
<attrib name="value" value="59"/></item>
<item name="DIB" rev="615">
<attrib name="value" value="59"/></item>
<item name="DOA" rev="615">
<attrib name="value" value="59"/></item>
<item name="DOB" rev="615">
<attrib name="value" value="59"/></item>
</group>
</ReportPinData>
<CmdHistory>
</CmdHistory>
</DeviceUsageSummary>
